{
    "a_a.wav": "_a_a.wav.info.json",
    "u_u.wav": "_u_u.wav.info.json",
    "o_o.wav": "_o_o.wav.info.json",
    "a_i.wav": "_a_i.wav.info.json",
    "e_u.wav": "_e_u.wav.info.json",
    "e_e.wav": "_e_e.wav.info.json",
    "i_e.wav": "_i_e.wav.info.json",
    "u_o.wav": "_u_o.wav.info.json",
    "ka_ka.wav": "_ka_ka.wav.info.json",
    "je_je.wav": "_je_je.wav.info.json",
    "ji_ji.wav": "_ji_ji.wav.info.json",
    "ki_ki.wav": "_ki_ki.wav.info.json",
    "ke_ke.wav": "_ke_ke.wav.info.json",
    "ku_ku.wav": "_ku_ku.wav.info.json",
    "ko_ko.wav": "_ko_ko.wav.info.json",
    "kya_kya.wav": "_kya_kya.wav.info.json",
    "kyo_kyo.wav": "_kyo_kyo.wav.info.json",
    "shi_shi.wav": "_shi_shi.wav.info.json",
    "ti_ti.wav": "_ti_ti.wav.info.json",
    "chi_chi.wav": "_chi_chi.wav.info.json",
    "tu_tu.wav": "_tu_tu.wav.info.json",
    "to_to.wav": "_to_to.wav.info.json"
}