{
    "a_a.wav//waveform//0//0": "_a_a.wav_waveform_0_0.png",
    "a_a.wav//spectrogram//0": "_a_a.wav_spectrogram_0.png",
    "o_o.wav//waveform//0//0": "_o_o.wav_waveform_0_0.png",
    "a_i.wav//waveform//0//0": "_a_i.wav_waveform_0_0.png",
    "a_i.wav//spectrogram//0": "_a_i.wav_spectrogram_0.png",
    "e_u.wav//waveform//0//0": "_e_u.wav_waveform_0_0.png",
    "e_u.wav//spectrogram//0": "_e_u.wav_spectrogram_0.png",
    "e_e.wav//waveform//0//0": "_e_e.wav_waveform_0_0.png",
    "e_e.wav//spectrogram//0": "_e_e.wav_spectrogram_0.png",
    "i_e.wav//waveform//0//0": "_i_e.wav_waveform_0_0.png",
    "i_e.wav//spectrogram//0": "_i_e.wav_spectrogram_0.png",
    "u_o.wav//waveform//0//0": "_u_o.wav_waveform_0_0.png",
    "u_o.wav//spectrogram//0": "_u_o.wav_spectrogram_0.png",
    "ka_ka.wav//waveform//0//0": "_ka_ka.wav_waveform_0_0.png",
    "ka_ka.wav//spectrogram//0": "_ka_ka.wav_spectrogram_0.png",
    "ji_ji.wav//waveform//0//0": "_ji_ji.wav_waveform_0_0.png",
    "ji_ji.wav//spectrogram//0": "_ji_ji.wav_spectrogram_0.png",
    "ki_ki.wav//waveform//0//0": "_ki_ki.wav_waveform_0_0.png",
    "ki_ki.wav//spectrogram//0": "_ki_ki.wav_spectrogram_0.png",
    "ke_ke.wav//waveform//0//0": "_ke_ke.wav_waveform_0_0.png",
    "ke_ke.wav//spectrogram//0": "_ke_ke.wav_spectrogram_0.png",
    "ku_ku.wav//waveform//0//0": "_ku_ku.wav_waveform_0_0.png",
    "ku_ku.wav//spectrogram//0": "_ku_ku.wav_spectrogram_0.png",
    "ko_ko.wav//waveform//0//0": "_ko_ko.wav_waveform_0_0.png",
    "ko_ko.wav//spectrogram//0": "_ko_ko.wav_spectrogram_0.png",
    "kya_kya.wav//waveform//0//0": "_kya_kya.wav_waveform_0_0.png",
    "kya_kya.wav//spectrogram//0": "_kya_kya.wav_spectrogram_0.png",
    "kyo_kyo.wav//waveform//0//0": "_kyo_kyo.wav_waveform_0_0.png",
    "kyo_kyo.wav//spectrogram//0": "_kyo_kyo.wav_spectrogram_0.png",
    "shi_shi.wav//waveform//0//0": "_shi_shi.wav_waveform_0_0.png",
    "shi_shi.wav//spectrogram//0": "_shi_shi.wav_spectrogram_0.png",
    "ti_ti.wav//waveform//0//0": "_ti_ti.wav_waveform_0_0.png",
    "ti_ti.wav//spectrogram//0": "_ti_ti.wav_spectrogram_0.png",
    "chi_chi.wav//waveform//0//0": "_chi_chi.wav_waveform_0_0.png",
    "chi_chi.wav//spectrogram//0": "_chi_chi.wav_spectrogram_0.png",
    "tu_tu.wav//waveform//0//0": "_tu_tu.wav_waveform_0_0.png",
    "to_to.wav//waveform//0//0": "_to_to.wav_waveform_0_0.png",
    "to_to.wav//spectrogram//0": "_to_to.wav_spectrogram_0.png"
}